id;first_name;last_name;gender;email;phone;address_line_1;address_line_2;city;country;user_id
1;Alfredo;Gleason;FEMALE;<k.00?|N67h~PgKZQsz&mu!3]}U_5bW;G|mLr^Iu:7|;_l*3QtIr!Ff.H&'s8;8@A]+nB],r:|FhL;tRnX`~sZLO]c.^}J#)r'WKjJp)c<"vg`yA9.'$HaTcB4RP?]$bZbXOp\}k/:K[p*;(Z?+W\0+;(154) 495-2560 x7322;cross-platform Point Orchestrator;Solomon Islands Licensed;Corwinborough;Lithuania;1
2;Maurice;Bauch;FEMALE;l{7;O)Vklx02`zi-_!y~O,`4@&|%O9(0X{>m.z.J<(eok_uC:NLc_]BE'xRod$|P589vqkP%gtEIThToS?O1NvZEal'|cGm5?.[d&*p:n[ZLSnyo/(x8ys?98CE:;(196) 335-9816;bandwidth azure;SMS Enhanced;Chanelfort;Wallis and Futuna;2
3;Jose;Lehner;OTHER;uhUzboZfqTucN%GpXl33lCOK\>}LNw*X_\YR?@BuskjS2Y9]Rk:kAUICz|4"zoeQ.|#f|5*KgymFS&Fl;PHMwF*)}8+h.YgP<te56{,nzPX.$Q+R?y#VWXL>,2wq(iYB}/jW'B>QZWBLT9r/?mB8R#qG=l+`l`4OL=;(613) 237-7888 x84786;Unbranded Cheese Dynamic;Alabama transform;Ondrickashire;Albania;1
4;Carolina;Gutmann;FEMALE;-)e7hA~"f@>V}~.`f:^~AZD(K4^/"f3nNY.r<!bmLJ)!Z{*HL%Mq['b%.w[)n$.hombo8;(317) 367-8763 x550;turn-key dedicated;Wisconsin;Huelport;Togo;2
5;London;Kemmer;MALE;ve:c}.xfFTfT&`m]#s2''=}KZas]i9=:&sC$;nHs/UK?)<M3#>#lL0BqcVx|d\4M^G/2t@KcDy:4iXFEyNqn!F^*lILY_>&3wR7)?-takXbhmrQ].}Ez.[^ud'78\W_d)rx}b[7KNu{WN#a4{oi:-}.mZkX4[;076.019.9492 x983;Automotive Tactics architectures;Wisconsin Facilitator Incredible;West Claud;Svalbard & Jan Mayen Islands;1
6;Emile;Kuhic;FEMALE;Y7;C3G5P(Y-f+|(q|)"od3b;_,@a/LR"6#fCvxsx`=gx;P*Q[|0-^EcA\uu2{zJE;M|88:FIg1<j$e:k+oT1G%i#bgYyHriP+R?zl{6'EPQF4;5N~lr[{"OP{WV;..MF/u,*mO3.u{+%sYGlBRd15r/5=}UY)2oPG=l::'3"yDaeR$!yv)vAQQH[zg6C;(026) 693-1252;portal calculating Metal;real-time discrete redundant;Gaylordhaven;Namibia;2
7;Arnaldo;Langosh;FEMALE;JuuNLW*2rmn4,YEg*]sSkb'N/:)*]U!#VD[eg;6ogf}FrWWJ9qY2e/18CJCIu91Tp*@j>$NVT<5#"MlnaG!h(FBw7%73!X$:37Y~c[VTjN,JwKH=RJvrQ8*Y#{P9Gxv[^.4I'wo'3k\k+<^42KUa?t1lAIcRBS%Aa$JQ:DiU%%Vrd}iYsyEr8;708.830.3504;Argentine Peso implementation;Wallis and Futuna;Lake Lance;Sweden;1
8;Demarco;Bashirian;OTHER;\.Xh{w73IziSpCSBx=>^i%ORO1*\{HL7t}==IQW?$Y0eQ{o_<7qm:?@l{&*_=6)AFrOJSx[#A:"$u1R;/s_f,'OZ]I5.{O*E(P<=(K&AdTHM5</NZN`+~jtKm)h&s:yl\ME^a0'kT]<4QfcABq9jfBB4MFI~T]R<fRc+}gM5+/8E9-Hio7O-4XO'po;722-964-0801 x54566;panel;Analyst card Licensed Cotton Ball;South Natalie;Belarus;1
9;Alda;Denesik;OTHER;,yeD;*1P>d~!N:76L4he46Bh!/YZ-"cok4|y$SUy@dj^o*#u3'08Qud8zk~x=2p8/O6WYZl#.B59h/Fn}o/.u!g(Ad3+T\)|oy!tClJI1kjaqlrv5TC=7EKv;(250) 716-9269;alarm Jamaica;system Gorgeous Rubber Pants;Lake Blanchetown;Grenada;1
10;Audreanne;Bayer;MALE;G7KeYt>$f\x=s;u}6l%q]T1u;t=1@~jY~*{C^<lg(1HZHW\js{K\11z%&|!!shx#wC(ysZeiGzJG)iL^~Hp3pYXupp$:_{]Vps%yow?*'t<%O~NM}eh~3WEOp{k8j?>QH,.Q3H<&<}=g_^oelHlH^'+44w:H(\cR}>mnaAw}Jx-=#5^0kpHR]+5RA^vay$'E|_M[Oa*CAH6N\N;484.314.4630 x6968;explicit;Personal Loan Account;Jevonhaven;Maldives;2
